Workbook
Name Vendor: #REF!
Name Vendor: #REF!

Sheet 1 - Stakeholder Questionnaire
A1: AI Vendor Evaluation - Internal Stakeholder Questionnaire
B3: Third-Party Name: | C3: {name}
B4: Website: | C4: {website}
B5: Product/Service: | C5: {product/service}
B6: Instructions:
B7: Use the Comments field to add relevant details, including the name of the individual proving the response.
B8: For Internal Use | C8: Response | D8: Comments
A9: 1 | B9: Has a documented and approved business justification been established for the vendor to access, process, store, transmit, or manage PHI and/or PII? | C9: Yes
A10: 2 | B10: Has the healthcare business process, clinical workflow, or operational function supported by this vendor been clearly defined and documented? | C10: Yes
A11: 3 | B11: Will the vendor's services be accessible to patients, members, providers, workforce members, or other external users? | C11: Select one…
A12: 4 | B12: [IF YES] Have all required patient notices, consents, or authorizations been evaluated and implemented where required by HIPAA or applicable state privacy laws? | C12: Select one…
A13: 5 | B13: Does the proposed use align with HIPAA, HITECH, organizational privacy policies, security policies, and data governance requirements? | C13: Select one…
A14: 6 | B14: Are there any contractual, regulatory, legal, or customer obligations that restrict or prohibit the use of this vendor? | C14: Select one…
A15: 7 | B15: Do existing agreements, notices, consent forms, or Terms and Conditions require updates to address the vendor's access to or processing of PHI and PII? | C15: Select one…
A16: 8 | B16: Has the organization identified and defined the types of PHI and/or PII involved, and how the vendor will access, process, store, transmit, and protect the data? | C16: Select one…
A17: 9 | B17: [IF YES] Will PHI be processed within a dedicated healthcare environment, a shared environment, or a third-party cloud environment? | C17: Select one…
A18: 10 | B18: Can the vendor comply with HIPAA, HITECH, state privacy laws, and all applicable healthcare regulations? | C18: Select one…

Sheet 2 - Vendor Questionnaire
A1: AI Vendor Evaluation - Vendor Questionnaire
B3: Third-Party Name: | C3: {name}
B4: Website: | C4: {website}
B5: Product/Service: | C5: {product/service}
B6: Instructions:
B7: Use the Comments field to add relevant details.
B8: Domain | C8: Response | D8: Comments
A9: 1.0 | B9: General (Discovery)
A10: 1.1 | B10: Does your organization process, store, transmit, or access Protected Health Information (PHI)? | C10: Yes
A11: 1.2 | B11: [IF YES to 1.1 or 1.2] Describe how your service accesses, uses, stores, processes, transmits, and protects PHI. | C11: No
A12: 1.3 | B12: [IF YES to 1.1 or 1.2] Will AI-generated outputs influence patient care, treatment decisions, diagnoses, or clinical recommendations? | C12: Select one…
A13: 2 | B13: Data Privacy, Retention and Deletion
A14: 2.1 | B14: Has the vendor implemented controls to protect PHI and PII from unauthorized access, disclosure, alteration, misuse, or destruction? | C14: Yes
A15: 2.2 | B15: Do you provide privacy notices describing how PHI is collected, processed, stored, and disclosed? | C15: Partial (Explain)
A16: 2.3 | B16: Can PHI be excluded from optional processing, analytics, testing, or secondary use activities? | C16: Select one…
A17: 2.4 | B17: Does the vendor provide a documented process that allows authorized users or organizations to request exclusion of PHI and/or PII from optional processing activities, including AI model training, analytics, product improvement, or other secondary uses? | C17: Select one…
A18: 2.5 | B18: Has the vendor defined the service functionality that remains available when PHI processing restrictions, exclusions, or opt-out requirements are applied? | C18: Select one…
A19: 2.6 | B19: Will PHI be used for analytics, machine learning, product improvement, testing, research, or any purpose other than providing contracted services? | C19: Select one…
A20: 2.7 | B20: [IF YES] Can you provide evidence that PHI excluded from secondary use is not used for those purposes? | C20: Select one…
A21: 2.8 | B21: Does the service process PHI and PII that can be attributed to specific patients, users, or healthcare organizations? | C21: Select one…
A22: 2.9 | B22: Has the vendor established and documented retention periods for PHI and/or PII transmitted, processed, or stored through system integrations, APIs, or other interfaces? | C22: Select one…
A23: 2.10 | B23: Does your organization have a defined process and timeframe for secure deletion of PHI and PII, including deletion from backups and disaster recovery systems? | C23: Select one…
A24: 2.11 | B24: Can PHI and PII storage and processing be restricted to specific regions, countries, or jurisdictions? | C24: Select one…
A25: 2.12 | B25: Are documented data retention schedules reviewed and approved periodically to ensure continued compliance with legal, regulatory, and contractual requirements? | C25: Select one…
A26: 2.13 | B26: Can you provide confirmation or evidence when PHI and PII has been deleted following a customer request? | C26: Select one…
A27: 3.0 | B27: Model Training, Validation, and Maintenance
A28: 3.1 | B28: Has the vendor identified and documented all AI, machine learning, and foundational models used to provide the service, including model names, providers, and versions? | C28: Yes
A29: 3.2 | B29: Does the service rely on one or more Large Language Models (LLMs), machine learning models, predictive analytics models, generative AI models, or other AI technologies? | C29: Yes
A30: 3.3 | B30: Are the AI models used by the service proprietary, open-source, third-party provided, vendor-developed, or a combination thereof? | C30: Select one…
A31: 3.4 | B31: Is PHI, PII, ePHI, or customer healthcare data used to train, fine-tune, benchmark, evaluate, or improve the model? | C31: Select one…
A32: 3.5 | B32: Do you check the provenance of the data in the training set to ensure its use is permitted? | C32: Select one…
A33: 3.6 | B33: Is data used for model training, testing, or validation de-identified, aggregated, or anonymized where appropriate? | C33: Select one…
A34: 3.7 | B34: Does your model training process include human review or reinforcement learning from human feedback? | C34: Select one…
A35: 3.8 | B35: Do you publish a change log for the model? | C35: Select one…
A36: 3.9 | B36: Have you performed any independent audits or validation of AI model outputs? | C36: Select one…
A37: 3.10 | B37: [IF YES] Are you willing to share those results? | C37: Select one…
A38: 3.11 | B38: Is frequency of model validation and testing defined and documented? | C38: Select one…
A39: 3.12 | B39: Are AI-related incidents tracked, investigated, and documented? | C39: Select one…
A40: 4.0 | B40: AI & Information Security
A41: 4.1 | B41: Are penetration tests or other types of security assessments conducted on the model? | C41: Yes
A42: 4.2 | B42: [IF YES] Are independent third-party security assessments performed periodically? | C42: No
A43: 4.3 | B43: Are vulnerability assessments, penetration tests, and security reviews performed in defined intervals? | C43: Select one…
A44: 4.4 | B44: Are customers permitted to perform authorized security testing, red teaming, or penetration testing of the service, subject to agreed terms and conditions? | C44: Select one…
A45: 4.5 | B45: Do you ensure that third-party libraries and components integrated into the AI system are current and secure? | C45: Select one…
A46: 4.6 | B46: Are you able to provide evidence of the implementation, effectiveness, and maintenance of security controls within the AI system? | C46: Select one…
A47: 4.7 | B47: Does the solution support Single Sign-On (SSO) integration with enterprise identity providers (e.g., Azure AD, Okta)? | C47: Select one…
A48: 4.8 | B48: Does the organization maintain formal change management and release management processes to evaluate security, privacy, and compliance impacts before deploying model or system changes? | C48: Select one…
A49: 4.9 | B49: Do you log and monitor security-related events within the AI system (e.g., breaches, data exfiltration attempts, or attempted exploits)? | C49: Select one…
A50: 4.10 | B50: Is there formalized training to ensure stakeholders remain current on best practices, emerging threats, and risks associated with AI? | C50: Select one…
A51: 4.11 | B51: Are precaution measures in place to prevent unintentional leakage of private or sensitive information? | C51: Select one…
A52: 4.12 | B52: Do you maintain a Business Continuity Plan (BCP) and Disaster Recovery (DR) plan to protect the availability of PHI and PII? | C52: Select one…
A53: 4.13 | B53: Are safeguards implemented to protect the AI system against malicious input and prompt injection attacks? | C53: Select one…
A54: 4.14 | B54: Do you maintain a formal vulnerability management and patch management program? | C54: Select one…
A55: 4.15 | B55: Are audit logs maintained for access to PHI, PII and security-relevant activities? | C55: Select one…
A56: 4.16 | B56: Is PHI and PII encrypted in transit and at rest using industry-standard encryption methods? | C56: Select one…
A57: 4.17 | B57: Do you maintain a documented incident response plan and security incident notification process? | C57: Select one…
A58: 4.18 | B58: Do you maintain a configuration management plan, and can you provide evidence of its implementation? | C58: Select one…
A59: 4.19 | B59: Has model extraction, model theft, or unauthorized model replication risk been assessed? | C59: Select one…
A60: 4.20 | B60: Are model updates reviewed for security, privacy, and compliance impacts prior to deployment? | C60: Select one…
A61: 4.21 | B61: Has model poisoning risk been assessed and mitigated? | C61: Select one…
A62: 2.22 | B62: Has an AI risk owner been formally assigned? | C62: Select one…
A63: 4.23 | B63: Have all critical or high-risk findings identified during independent security assessments been remediated? | C63: Select one…
A64: 5.0 | B64: Technology Integration
A65: 5.1 | B65: Does the solution provide APIs or integration capabilities with healthcare systems that process PHI? | C65: Yes
A66: 5.2 | B66: Are third-party integrations, plugins, or extensions reviewed and approved for security, privacy, and HIPAA compliance before deployment? | C66: Yes
A67: 5.3 | B67: Which healthcare systems, applications, or platforms can the solution integrate with (e.g., EHR/EMR, identity providers, SIEM, cloud services)? | C67: Select one…
A68: 6.0 | B68: Third-Party Risk/Usage
A69: 6.1 | B69: Do you utilize subcontractors, cloud providers, or third parties that create, receive, maintain, or transmit PHI? | C69: Yes
A70: 6.2 | B70: Will any subcontractor have access to PHI, ePHI, metadata, logs, backups, or customer information? | C70: Partial (Explain)
A71: 6.3 | B71: Do you maintain a documented Third-Party Risk Management (TPRM) program for assessing and monitoring subcontractors? | C71: Select one…
A72: 7.0 | B72: Legal, Regulatory, and Compliance | C72: Select one…
A73: 7.1 | B73: Will you execute a Business Associate Agreement (BAA) if you create, receive, maintain, or transmit PHI and PII? | C73: Yes
A74: 7.2 | B74: Has a formal HIPAA compliance assessment or review been completed within the last 12 months? | C74: Yes
A75: 7.3 | B75: Is a documented HIPAA breach response process maintained? | C75: Select one…
A76: 7.4 | B76: Can you provide evidence of compliance (e.g., HIPAA assessment, SOC 2, HITRUST, ISO 27001, or independent audit reports)? | C76: Select one…
A77: 7.5 | B77: Has the vendor's certification status (ISO 27001, HITRUST, SOC 2, etc.) been independently validated and verified? | C77: Select one…
A78: 7.6 | B78: Are ownership rights for customer data, PHI, PII, and AI-generated outputs clearly defined and documented within contractual agreements? | C78: Select one…
A79: 7.7 | B79: Upon contract termination, can PHI or PII be returned and securely deleted, and can evidence of deletion be provided? | C79: Select one…
A80: 7.8 | B80: Are security controls independently assessed on a periodic basis? | C80: Select one…
A81: 8.0 | B81: Access Management
A82: 8.1 | B82: Do you monitor and review access to PHI to detect inappropriate access, misuse, or unauthorized disclosure? | C82: Yes
A83: 8.2 | B83: Is multi-factor authentication required for privileged accounts and administrative access? | C83: Yes
A84: 8.3 | B84: Does the solution enforce the principle of least privilege and minimum necessary access to PHI? | C84: Select one…
A85: 8.4 | B85: [IF YES] Can access to PHI be restricted through role-based access controls and least-privilege principles? | C85: Select one…
A86: 8.5 | B86: Are workforce and privileged user access rights reviewed periodically? | C86: Select one…

Sheet Final Report
A1: AI Vendor Evaluation - Final Report
B3: Third-Party Name: | C3: {name}
B4: Website: | C4: {website}
B5: Product/Service: | C5: {product/service}
A6: Tips for Formatting and Archiving This Report:
A7: Ensure the content is visible in all cells: Highlight all cells, then navigate to Home > Format > Auto-Fit Row Height.
A8: Hide Excluded questions: Using the filter on Internal Stakeholders Responses cell, uncheck "EXCLUDED" to hide any questions excluded from all sections of the assessment.
A9: Print to PDF for archiving: Navigate to File > Print and select the available print-to-PDF option.
B11: I. Table of Contents
B12: II. Risk Analysis
B13: III. Internal Stakeholder Responses
B14: IV. Vendor Responses
B15: 1.0. General (Discovery)
B16: 2.0. Data Privacy, Retention, and Deletion
B17: 3.0. Model Training, Validation, and Maintenance
B18: 4.0. Information Security
B19: 5.0. Technology Integration
B20: 6.0. Nth Party Risk / Usage
B21: 7.0. Legal, Regulatory, and Compliance
B23: III. Internal Stakeholder Responses
A24: Following are the questions submitted to internal stakeholders, their responses, and additional comments.
B25: Question | C25: Responses | D25: Comments
A26: ='1 - Stakeholder Questionnaire'!A9 -> 1 | B26: ='1 - Stakeholder Questionnaire'!B9 -> Has a documented and approved business justification been established for the vendor to access, process, store, transmit, or manage PHI and/or PII? | C26: ='1 - Stakeholder Questionnaire'!C9 -> Yes | D26: =IF('1 - Stakeholder Questionnaire'!D9="","No comments provided",'1 - Stakeholder Questionnaire'!D9) -> No comments provided
A27: ='1 - Stakeholder Questionnaire'!A10 -> 2 | B27: ='1 - Stakeholder Questionnaire'!B10 -> Has the healthcare business process, clinical workflow, or operational function supported by this vendor been clearly defined and documented? | C27: ='1 - Stakeholder Questionnaire'!C10 -> Yes | D27: =IF('1 - Stakeholder Questionnaire'!D10="","No comments provided",'1 - Stakeholder Questionnaire'!D10) -> No comments provided
A28: ='1 - Stakeholder Questionnaire'!A11 -> 3 | B28: ='1 - Stakeholder Questionnaire'!B11 -> Will the vendor's services be accessible to patients, members, providers, workforce members, or other external users? | C28: ='1 - Stakeholder Questionnaire'!C11 -> Select one… | D28: =IF('1 - Stakeholder Questionnaire'!D11="","No comments provided",'1 - Stakeholder Questionnaire'!D11) -> No comments provided
A29: ='1 - Stakeholder Questionnaire'!A12 -> 4 | B29: ='1 - Stakeholder Questionnaire'!B12 -> [IF YES] Have all required patient notices, consents, or authorizations been evaluated and implemented where required by HIPAA or applicable state privacy laws? | C29: ='1 - Stakeholder Questionnaire'!C12 -> Select one… | D29: =IF('1 - Stakeholder Questionnaire'!D12="","No comments provided",'1 - Stakeholder Questionnaire'!D12) -> No comments provided
A30: ='1 - Stakeholder Questionnaire'!A13 -> 5 | B30: ='1 - Stakeholder Questionnaire'!B13 -> Does the proposed use align with HIPAA, HITECH, organizational privacy policies, security policies, and data governance requirements? | C30: ='1 - Stakeholder Questionnaire'!C13 -> Select one… | D30: =IF('1 - Stakeholder Questionnaire'!D13="","No comments provided",'1 - Stakeholder Questionnaire'!D13) -> No comments provided
A31: ='1 - Stakeholder Questionnaire'!A14 -> 6 | B31: ='1 - Stakeholder Questionnaire'!B14 -> Are there any contractual, regulatory, legal, or customer obligations that restrict or prohibit the use of this vendor? | C31: ='1 - Stakeholder Questionnaire'!C14 -> Select one… | D31: =IF('1 - Stakeholder Questionnaire'!D14="","No comments provided",'1 - Stakeholder Questionnaire'!D14) -> No comments provided
A32: ='1 - Stakeholder Questionnaire'!A15 -> 7 | B32: ='1 - Stakeholder Questionnaire'!B15 -> Do existing agreements, notices, consent forms, or Terms and Conditions require updates to address the vendor's access to or processing of PHI and PII? | C32: ='1 - Stakeholder Questionnaire'!C15 -> Select one… | D32: =IF('1 - Stakeholder Questionnaire'!D15="","No comments provided",'1 - Stakeholder Questionnaire'!D15) -> No comments provided
A33: ='1 - Stakeholder Questionnaire'!A16 -> 8 | B33: ='1 - Stakeholder Questionnaire'!B16 -> Has the organization identified and defined the types of PHI and/or PII involved, and how the vendor will access, process, store, transmit, and protect the data? | C33: ='1 - Stakeholder Questionnaire'!C16 -> Select one… | D33: =IF('1 - Stakeholder Questionnaire'!D16="","No comments provided",'1 - Stakeholder Questionnaire'!D16) -> No comments provided
A34: ='1 - Stakeholder Questionnaire'!A17 -> 9 | B34: ='1 - Stakeholder Questionnaire'!B17 -> [IF YES] Will PHI be processed within a dedicated healthcare environment, a shared environment, or a third-party cloud environment? | C34: ='1 - Stakeholder Questionnaire'!C17 -> Select one… | D34: =IF('1 - Stakeholder Questionnaire'!D17="","No comments provided",'1 - Stakeholder Questionnaire'!D17) -> No comments provided
A35: ='1 - Stakeholder Questionnaire'!A18 -> 10 | B35: ='1 - Stakeholder Questionnaire'!B18 -> Can the vendor comply with HIPAA, HITECH, state privacy laws, and all applicable healthcare regulations? | C35: ='1 - Stakeholder Questionnaire'!C18 -> Select one… | D35: =IF('1 - Stakeholder Questionnaire'!D18="","No comments provided",'1 - Stakeholder Questionnaire'!D18) -> No comments provided
B37: IV. Vendor Responses
A38: Following are the questions submitted to the vendor, the vendor's responses, and additional comments.
A39: ='2 - Vendor Questionnaire'!A9 -> 1.0 | B39: ='2 - Vendor Questionnaire'!B9 -> General (Discovery)
A40: ='2 - Vendor Questionnaire'!A10 -> 1.1 | B40: ='2 - Vendor Questionnaire'!B10 -> Does your organization process, store, transmit, or access Protected Health Information (PHI)? | C40: ='2 - Vendor Questionnaire'!C10 -> Yes | D40: =IF('2 - Vendor Questionnaire'!D10="","No comments provided",'2 - Vendor Questionnaire'!D10) -> No comments provided
A41: ='2 - Vendor Questionnaire'!A11 -> 1.2 | B41: ='2 - Vendor Questionnaire'!B11 -> [IF YES to 1.1 or 1.2] Describe how your service accesses, uses, stores, processes, transmits, and protects PHI. | C41: ='2 - Vendor Questionnaire'!C11 -> No | D41: =IF('2 - Vendor Questionnaire'!D11="","No comments provided",'2 - Vendor Questionnaire'!D11) -> No comments provided
A42: ='2 - Vendor Questionnaire'!A12 -> 1.3 | B42: ='2 - Vendor Questionnaire'!B12 -> [IF YES to 1.1 or 1.2] Will AI-generated outputs influence patient care, treatment decisions, diagnoses, or clinical recommendations? | C42: ='2 - Vendor Questionnaire'!C12 -> Select one… | D42: =IF('2 - Vendor Questionnaire'!D12="","No comments provided",'2 - Vendor Questionnaire'!D12) -> No comments provided
A43: ='2 - Vendor Questionnaire'!A13 -> 2 | B43: ='2 - Vendor Questionnaire'!B13 -> Data Privacy, Retention and Deletion | C43: ='2 - Vendor Questionnaire'!C13 -> 0 | D43: =IF('2 - Vendor Questionnaire'!D13="","No comments provided",'2 - Vendor Questionnaire'!D13) -> No comments provided
A44: ='2 - Vendor Questionnaire'!A14 -> 2.1 | B44: ='2 - Vendor Questionnaire'!B14 -> Has the vendor implemented controls to protect PHI and PII from unauthorized access, disclosure, alteration, misuse, or destruction? | C44: ='2 - Vendor Questionnaire'!C14 -> Yes | D44: =IF('2 - Vendor Questionnaire'!D14="","No comments provided",'2 - Vendor Questionnaire'!D14) -> No comments provided
A45: ='2 - Vendor Questionnaire'!A15 -> 2.2 | B45: ='2 - Vendor Questionnaire'!B15 -> Do you provide privacy notices describing how PHI is collected, processed, stored, and disclosed? | C45: ='2 - Vendor Questionnaire'!C15 -> Partial (Explain) | D45: =IF('2 - Vendor Questionnaire'!D15="","No comments provided",'2 - Vendor Questionnaire'!D15) -> No comments provided
A46: ='2 - Vendor Questionnaire'!A16 -> 2.3 | B46: ='2 - Vendor Questionnaire'!B16 -> Can PHI be excluded from optional processing, analytics, testing, or secondary use activities? | C46: ='2 - Vendor Questionnaire'!C16 -> Select one… | D46: =IF('2 - Vendor Questionnaire'!D16="","No comments provided",'2 - Vendor Questionnaire'!D16) -> No comments provided
A47: ='2 - Vendor Questionnaire'!A17 -> 2.4 | B47: ='2 - Vendor Questionnaire'!B17 -> Does the vendor provide a documented process that allows authorized users or organizations to request exclusion of PHI and/or PII from optional processing activities, including AI model training, analytics, product improvement, or other secondary uses? | C47: ='2 - Vendor Questionnaire'!C17 -> Select one… | D47: =IF('2 - Vendor Questionnaire'!D17="","No comments provided",'2 - Vendor Questionnaire'!D17) -> No comments provided
A48: ='2 - Vendor Questionnaire'!A18 -> 2.5 | B48: ='2 - Vendor Questionnaire'!B18 -> Has the vendor defined the service functionality that remains available when PHI processing restrictions, exclusions, or opt-out requirements are applied? | C48: ='2 - Vendor Questionnaire'!C18 -> Select one… | D48: =IF('2 - Vendor Questionnaire'!D18="","No comments provided",'2 - Vendor Questionnaire'!D18) -> No comments provided
A49: ='2 - Vendor Questionnaire'!A19 -> 2.6 | B49: ='2 - Vendor Questionnaire'!B19 -> Will PHI be used for analytics, machine learning, product improvement, testing, research, or any purpose other than providing contracted services? | C49: ='2 - Vendor Questionnaire'!C19 -> Select one… | D49: =IF('2 - Vendor Questionnaire'!D19="","No comments provided",'2 - Vendor Questionnaire'!D19) -> No comments provided
A50: ='2 - Vendor Questionnaire'!A20 -> 2.7 | B50: ='2 - Vendor Questionnaire'!B20 -> [IF YES] Can you provide evidence that PHI excluded from secondary use is not used for those purposes? | C50: ='2 - Vendor Questionnaire'!C20 -> Select one… | D50: =IF('2 - Vendor Questionnaire'!D20="","No comments provided",'2 - Vendor Questionnaire'!D20) -> No comments provided
A51: ='2 - Vendor Questionnaire'!A21 -> 2.8 | B51: ='2 - Vendor Questionnaire'!B21 -> Does the service process PHI and PII that can be attributed to specific patients, users, or healthcare organizations? | C51: ='2 - Vendor Questionnaire'!C21 -> Select one… | D51: =IF('2 - Vendor Questionnaire'!D21="","No comments provided",'2 - Vendor Questionnaire'!D21) -> No comments provided
... A56: ='2 - Vendor Questionnaire'!A26 -> 2.13 | B56: ='2 - Vendor Questionnaire'!B26 -> Can you provide confirmation or evidence when PHI and PII has been deleted following a customer request? | C56: ='2 - Vendor Questionnaire'!C26 -> Select one… | D56: =IF('2 - Vendor Questionnaire'!D26="","No comments provided",'2 - Vendor Questionnaire'!D26) -> No comments provided
A57: ='2 - Vendor Questionnaire'!A27 -> 3.0 | B57: ='2 - Vendor Questionnaire'!B27 -> Model Training, Validation, and Maintenance
A58: ='2 - Vendor Questionnaire'!A28 -> 3.1 | B58: ='2 - Vendor Questionnaire'!B28 -> Has the vendor identified and documented all AI, machine learning, and foundational models used to provide the service, including model names, providers, and versions? | C58: ='2 - Vendor Questionnaire'!C28 -> Yes | D58: =IF('2 - Vendor Questionnaire'!D28="","No comments provided",'2 - Vendor Questionnaire'!D28) -> No comments provided
A59: ='2 - Vendor Questionnaire'!A29 -> 3.2 | B59: ='2 - Vendor Questionnaire'!B29 -> Does the service rely on one or more Large Language Models (LLMs), machine learning models, predictive analytics models, generative AI models, or other AI technologies? | C59: ='2 - Vendor Questionnaire'!C29 -> Yes | D59: =IF('2 - Vendor Questionnaire'!D29="","No comments provided",'2 - Vendor Questionnaire'!D29) -> No comments provided
A60: ='2 - Vendor Questionnaire'!A30 -> 3.3 | B60: ='2 - Vendor Questionnaire'!B30 -> Are the AI models used by the service proprietary, open-source, third-party provided, vendor-developed, or a combination thereof? | C60: ='2 - Vendor Questionnaire'!C30 -> Select one… | D60: =IF('2 - Vendor Questionnaire'!D30="","No comments provided",'2 - Vendor Questionnaire'!D30) -> No comments provided
A61: ='2 - Vendor Questionnaire'!A31 -> 3.4 | B61: ='2 - Vendor Questionnaire'!B31 -> Is PHI, PII, ePHI, or customer healthcare data used to train, fine-tune, benchmark, evaluate, or improve the model? | C61: ='2 - Vendor Questionnaire'!C31 -> Select one… | D61: =IF('2 - Vendor Questionnaire'!D31="","No comments provided",'2 - Vendor Questionnaire'!D31) -> No comments provided
A62: ='2 - Vendor Questionnaire'!A32 -> 3.5 | B62: ='2 - Vendor Questionnaire'!B32 -> Do you check the provenance of the data in the training set to ensure its use is permitted? | C62: ='2 - Vendor Questionnaire'!C32 -> Select one… | D62: =IF('2 - Vendor Questionnaire'!D32="","No comments provided",'2 - Vendor Questionnaire'!D32) -> No comments provided
A63: ='2 - Vendor Questionnaire'!A33 -> 3.6 | B63: ='2 - Vendor Questionnaire'!B33 -> Is data used for model training, testing, or validation de-identified, aggregated, or anonymized where appropriate? | C63: ='2 - Vendor Questionnaire'!C33 -> Select one… | D63: =IF('2 - Vendor Questionnaire'!D33="","No comments provided",'2 - Vendor Questionnaire'!D33) -> No comments provided
A64: ='2 - Vendor Questionnaire'!A34 -> 3.7 | B64: ='2 - Vendor Questionnaire'!B34 -> Does your model training process include human review or reinforcement learning from human feedback? | C64: ='2 - Vendor Questionnaire'!C34 -> Select one… | D64: =IF('2 - Vendor Questionnaire'!D34="","No comments provided",'2 - Vendor Questionnaire'!D34) -> No comments provided
A65: ='2 - Vendor Questionnaire'!A35 -> 3.8 | B65: ='2 - Vendor Questionnaire'!B35 -> Do you publish a change log for the model? | C65: ='2 - Vendor Questionnaire'!C35 -> Select one… | D65: =IF('2 - Vendor Questionnaire'!D35="","No comments provided",'2 - Vendor Questionnaire'!D35) -> No comments provided
A66: ='2 - Vendor Questionnaire'!A36 -> 3.9 | B66: ='2 - Vendor Questionnaire'!B36 -> Have you performed any independent audits or validation of AI model outputs? | C66: ='2 - Vendor Questionnaire'!C36 -> Select one… | D66: =IF('2 - Vendor Questionnaire'!D36="","No comments provided",'2 - Vendor Questionnaire'!D36) -> No comments provided
A67: ='2 - Vendor Questionnaire'!A38 -> 3.11 | B67: ='2 - Vendor Questionnaire'!B38 -> Is frequency of model validation and testing defined and documented? | C67: ='2 - Vendor Questionnaire'!C38 -> Select one… | D67: =IF('2 - Vendor Questionnaire'!D38="","No comments provided",'2 - Vendor Questionnaire'!D38) -> No comments provided
A68: ='2 - Vendor Questionnaire'!A39 -> 3.12 | B68: ='2 - Vendor Questionnaire'!B39 -> Are AI-related incidents tracked, investigated, and documented? | C68: ='2 - Vendor Questionnaire'!C39 -> Select one… | D68: =IF('2 - Vendor Questionnaire'!D39="","No comments provided",'2 - Vendor Questionnaire'!D39) -> No comments provided
A69: ='2 - Vendor Questionnaire'!A40 -> 4.0 | B69: ='2 - Vendor Questionnaire'!B40 -> AI & Information Security
A70: ='2 - Vendor Questionnaire'!A41 -> 4.1 | B70: ='2 - Vendor Questionnaire'!B41 -> Are penetration tests or other types of security assessments conducted on the model? | C70: ='2 - Vendor Questionnaire'!C41 -> Yes | D70: =IF('2 - Vendor Questionnaire'!D41="","No comments provided",'2 - Vendor Questionnaire'!D41) -> No comments provided
A71: ='2 - Vendor Questionnaire'!A42 -> 4.2 | B71: ='2 - Vendor Questionnaire'!B42 -> [IF YES] Are independent third-party security assessments performed periodically? | C71: ='2 - Vendor Questionnaire'!C42 -> No | D71: =IF('2 - Vendor Questionnaire'!D42="","No comments provided",'2 - Vendor Questionnaire'!D42) -> No comments provided
A72: ='2 - Vendor Questionnaire'!A43 -> 4.3 | B72: ='2 - Vendor Questionnaire'!B43 -> Are vulnerability assessments, penetration tests, and security reviews performed in defined intervals? | C72: ='2 - Vendor Questionnaire'!C43 -> Select one… | D72: =IF('2 - Vendor Questionnaire'!D43="","No comments provided",'2 - Vendor Questionnaire'!D43) -> No comments provided
A73: ='2 - Vendor Questionnaire'!A44 -> 4.4 | B73: ='2 - Vendor Questionnaire'!B44 -> Are customers permitted to perform authorized security testing, red teaming, or penetration testing of the service, subject to agreed terms and conditions? | C73: ='2 - Vendor Questionnaire'!C44 -> Select one… | D73: =IF('2 - Vendor Questionnaire'!D44="","No comments provided",'2 - Vendor Questionnaire'!D44) -> No comments provided
A74: ='2 - Vendor Questionnaire'!A45 -> 4.5 | B74: ='2 - Vendor Questionnaire'!B45 -> Do you ensure that third-party libraries and components integrated into the AI system are current and secure? | C74: ='2 - Vendor Questionnaire'!C45 -> Select one… | D74: =IF('2 - Vendor Questionnaire'!D45="","No comments provided",'2 - Vendor Questionnaire'!D45) -> No comments provided
A75: ='2 - Vendor Questionnaire'!A46 -> 4.6 | B75: ='2 - Vendor Questionnaire'!B46 -> Are you able to provide evidence of the implementation, effectiveness, and maintenance of security controls within the AI system? | C75: ='2 - Vendor Questionnaire'!C46 -> Select one… | D75: =IF('2 - Vendor Questionnaire'!D46="","No comments provided",'2 - Vendor Questionnaire'!D46) -> No comments provided
A76: ='2 - Vendor Questionnaire'!A47 -> 4.7 | B76: ='2 - Vendor Questionnaire'!B47 -> Does the solution support Single Sign-On (SSO) integration with enterprise identity providers (e.g., Azure AD, Okta)? | C76: ='2 - Vendor Questionnaire'!C47 -> Select one… | D76: =IF('2 - Vendor Questionnaire'!D47="","No comments provided",'2 - Vendor Questionnaire'!D47) -> No comments provided
A77: ='2 - Vendor Questionnaire'!A48 -> 4.8 | B77: ='2 - Vendor Questionnaire'!B48 -> Does the organization maintain formal change management and release management processes to evaluate security, privacy, and compliance impacts before deploying model or system changes? | C77: ='2 - Vendor Questionnaire'!C48 -> Select one… | D77: =IF('2 - Vendor Questionnaire'!D48="","No comments provided",'2 - Vendor Questionnaire'!D48) -> No comments provided
A78: ='2 - Vendor Questionnaire'!A49 -> 4.9 | B78: ='2 - Vendor Questionnaire'!B49 -> Do you log and monitor security-related events within the AI system (e.g., breaches, data exfiltration attempts, or attempted exploits)? | C78: ='2 - Vendor Questionnaire'!C49 -> Select one… | D78: =IF('2 - Vendor Questionnaire'!D49="","No comments provided",'2 - Vendor Questionnaire'!D49) -> No comments provided
A79: ='2 - Vendor Questionnaire'!A50 -> 4.10 | B79: ='2 - Vendor Questionnaire'!B50 -> Is there formalized training to ensure stakeholders remain current on best practices, emerging threats, and risks associated with AI? | C79: ='2 - Vendor Questionnaire'!C50 -> Select one… | D79: =IF('2 - Vendor Questionnaire'!D50="","No comments provided",'2 - Vendor Questionnaire'!D50) -> No comments provided
A80: ='2 - Vendor Questionnaire'!A51 -> 4.11 | B80: ='2 - Vendor Questionnaire'!B51 -> Are precaution measures in place to prevent unintentional leakage of private or sensitive information? | C80: ='2 - Vendor Questionnaire'!C51 -> Select one… | D80: =IF('2 - Vendor Questionnaire'!D51="","No comments provided",'2 - Vendor Questionnaire'!D51) -> No comments provided
A81: ='2 - Vendor Questionnaire'!A52 -> 4.12 | B81: ='2 - Vendor Questionnaire'!B52 -> Do you maintain a Business Continuity Plan (BCP) and Disaster Recovery (DR) plan to protect the availability of PHI and PII? | C81: ='2 - Vendor Questionnaire'!C52 -> Select one… | D81: =IF('2 - Vendor Questionnaire'!D52="","No comments provided",'2 - Vendor Questionnaire'!D52) -> No comments provided
... A86: ='2 - Vendor Questionnaire'!A57 -> 4.17 | B86: ='2 - Vendor Questionnaire'!B57 -> Do you maintain a documented incident response plan and security incident notification process? | C86: ='2 - Vendor Questionnaire'!C57 -> Select one… | D86: =IF('2 - Vendor Questionnaire'!D57="","No comments provided",'2 - Vendor Questionnaire'!D57) -> No comments provided
A87: ='2 - Vendor Questionnaire'!A62 -> 2.22 | B87: ='2 - Vendor Questionnaire'!B62 -> Has an AI risk owner been formally assigned? | C87: ='2 - Vendor Questionnaire'!C62 -> Select one… | D87: =IF('2 - Vendor Questionnaire'!D62="","No comments provided",'2 - Vendor Questionnaire'!D62) -> No comments provided
A88: ='2 - Vendor Questionnaire'!A63 -> 4.23 | B88: ='2 - Vendor Questionnaire'!B63 -> Have all critical or high-risk findings identified during independent security assessments been remediated? | C88: ='2 - Vendor Questionnaire'!C63 -> Select one… | D88: =IF('2 - Vendor Questionnaire'!D63="","No comments provided",'2 - Vendor Questionnaire'!D63) -> No comments provided
A89: ='2 - Vendor Questionnaire'!A64 -> 5.0 | B89: Technology Integration
A90: ='2 - Vendor Questionnaire'!A65 -> 5.1 | B90: ='2 - Vendor Questionnaire'!B65 -> Does the solution provide APIs or integration capabilities with healthcare systems that process PHI? | C90: ='2 - Vendor Questionnaire'!C65 -> Yes | D90: =IF('2 - Vendor Questionnaire'!D65="","No comments provided",'2 - Vendor Questionnaire'!D65) -> No comments provided
A91: ='2 - Vendor Questionnaire'!A66 -> 5.2 | B91: ='2 - Vendor Questionnaire'!B66 -> Are third-party integrations, plugins, or extensions reviewed and approved for security, privacy, and HIPAA compliance before deployment? | C91: ='2 - Vendor Questionnaire'!C66 -> Yes | D91: =IF('2 - Vendor Questionnaire'!D66="","No comments provided",'2 - Vendor Questionnaire'!D66) -> No comments provided
A92: ='2 - Vendor Questionnaire'!A67 -> 5.3 | B92: ='2 - Vendor Questionnaire'!B67 -> Which healthcare systems, applications, or platforms can the solution integrate with (e.g., EHR/EMR, identity providers, SIEM, cloud services)? | C92: ='2 - Vendor Questionnaire'!C67 -> Select one… | D92: =IF('2 - Vendor Questionnaire'!D67="","No comments provided",'2 - Vendor Questionnaire'!D67) -> No comments provided
A93: ='2 - Vendor Questionnaire'!A68 -> 6.0 | B93: Third-Party Risk/Usage
A94: ='2 - Vendor Questionnaire'!A69 -> 6.1 | B94: ='2 - Vendor Questionnaire'!B69 -> Do you utilize subcontractors, cloud providers, or third parties that create, receive, maintain, or transmit PHI? | C94: ='2 - Vendor Questionnaire'!C65 -> Yes | D94: =IF('2 - Vendor Questionnaire'!D69="","No comments provided",'2 - Vendor Questionnaire'!D69) -> No comments provided
A95: ='2 - Vendor Questionnaire'!A70 -> 6.2 | B95: ='2 - Vendor Questionnaire'!B70 -> Will any subcontractor have access to PHI, ePHI, metadata, logs, backups, or customer information? | C95: ='2 - Vendor Questionnaire'!C66 -> Yes | D95: =IF('2 - Vendor Questionnaire'!D70="","No comments provided",'2 - Vendor Questionnaire'!D70) -> No comments provided
A96: ='2 - Vendor Questionnaire'!A71 -> 6.3 | B96: ='2 - Vendor Questionnaire'!B71 -> Do you maintain a documented Third-Party Risk Management (TPRM) program for assessing and monitoring subcontractors? | C96: ='2 - Vendor Questionnaire'!C67 -> Select one… | D96: =IF('2 - Vendor Questionnaire'!D71="","No comments provided",'2 - Vendor Questionnaire'!D71) -> No comments provided
A97: ='2 - Vendor Questionnaire'!A72 -> 7.0 | B97: ='2 - Vendor Questionnaire'!B72 -> Legal, Regulatory, and Compliance | C97: ='2 - Vendor Questionnaire'!C72 -> Select one… | D97: =IF('2 - Vendor Questionnaire'!D72="","No comments provided",'2 - Vendor Questionnaire'!D72) -> No comments provided
A98: ='2 - Vendor Questionnaire'!A73 -> 7.1 | B98: ='2 - Vendor Questionnaire'!B73 -> Will you execute a Business Associate Agreement (BAA) if you create, receive, maintain, or transmit PHI and PII? | C98: ='2 - Vendor Questionnaire'!C73 -> Yes | D98: =IF('2 - Vendor Questionnaire'!D73="","No comments provided",'2 - Vendor Questionnaire'!D73) -> No comments provided
A99: ='2 - Vendor Questionnaire'!A76 -> 7.4 | B99: ='2 - Vendor Questionnaire'!B76 -> Can you provide evidence of compliance (e.g., HIPAA assessment, SOC 2, HITRUST, ISO 27001, or independent audit reports)? | C99: ='2 - Vendor Questionnaire'!C76 -> Select one… | D99: =IF('2 - Vendor Questionnaire'!D76="","No comments provided",'2 - Vendor Questionnaire'!D76) -> No comments provided
A100: ='2 - Vendor Questionnaire'!A78 -> 7.6 | B100: ='2 - Vendor Questionnaire'!B78 -> Are ownership rights for customer data, PHI, PII, and AI-generated outputs clearly defined and documented within contractual agreements? | C100: ='2 - Vendor Questionnaire'!C78 -> Select one… | D100: =IF('2 - Vendor Questionnaire'!D78="","No comments provided",'2 - Vendor Questionnaire'!D78) -> No comments provided
A101: 8.0 | B101: Access Management
A102: 8.1 | B102: ='2 - Vendor Questionnaire'!B82 -> Do you monitor and review access to PHI to detect inappropriate access, misuse, or unauthorized disclosure? | C102: No | D102: =IF('2 - Vendor Questionnaire'!D82="","No comments provided",'2 - Vendor Questionnaire'!D80) -> No comments provided
A103: 8.2 | B103: ='2 - Vendor Questionnaire'!B83 -> Is multi-factor authentication required for privileged accounts and administrative access? | C103: No | D103: =IF('2 - Vendor Questionnaire'!D83="","No comments provided",'2 - Vendor Questionnaire'!D81) -> No comments provided
A104: 8.3 | B104: ='2 - Vendor Questionnaire'!B84 -> Does the solution enforce the principle of least privilege and minimum necessary access to PHI? | C104: Select one… | D104: =IF('2 - Vendor Questionnaire'!D84="","No comments provided",'2 - Vendor Questionnaire'!D82) -> No comments provided
A105: 8.4 | B105: ='2 - Vendor Questionnaire'!B85 -> [IF YES] Can access to PHI be restricted through role-based access controls and least-privilege principles? | C105: Select one… | D105: =IF('2 - Vendor Questionnaire'!D85="","No comments provided",'2 - Vendor Questionnaire'!D83) -> No comments provided
A106: 8.5 | B106: ='2 - Vendor Questionnaire'!B86 -> Are workforce and privileged user access rights reviewed periodically? | C106: Select one… | D106: =IF('2 - Vendor Questionnaire'!D86="","No comments provided",'2 - Vendor Questionnaire'!D84) -> No comments provided

Sheet Risk Score
A2: Purpose of this Sheet:
A3: This sheet calculates the score for each assessment category based on responses provided in the Stakeholder and Vendor Questionnaires.
A5: How Scores Are Calculated
A6: Yes = 1 and counted as part of the total
A7: No = 0 and counted as part of the total
A8: Partial = 0.5 and counted as part of the total
A9: N/A = Excluded from scoring and not counted in the total.
A10: The total score for each category is converted into a percentage and automatically transferred to the 'Reference Score' sheet.
A12: The Risk Score represents the combined percentage achieved across all assessment categories before category weightings are applied.
A13: This score may be higher than the Overall Risk Score shown in the Assessment Model sheet because the Overall Risk Score applies category-specific weightings to reflect the relative importance of each assessment area.
A16: Category | B16: Score | C16: Total | D16: Percentage Calculations
B17: Internal Stakeholder Responses
A18: 1 | B18: =IF('1 - Stakeholder Questionnaire'!C9="Yes",1,IF('1 - Stakeholder Questionnaire'!C9="No",0,IF('1 - Stakeholder Questionnaire'!C9="Partial (Explain)",0.5,""))) -> 1 | C18: =IF(B18<>"",1,"") -> 1 | D18: =(B28/C28) -> 1
A19: 2 | B19: =IF('1 - Stakeholder Questionnaire'!C10="Yes",1,IF('1 - Stakeholder Questionnaire'!C10="No",0,IF('1 - Stakeholder Questionnaire'!C10="Partial (Explain)",0.5,""))) -> 1 | C19: =IF(B19<>"",1,"") -> 1
A20: 3 | B20: =IF('1 - Stakeholder Questionnaire'!C11="Yes",1,IF('1 - Stakeholder Questionnaire'!C11="No",0,IF('1 - Stakeholder Questionnaire'!C11="Partial (Explain)",0.5,""))) | C20: =IF(B20<>"",1,"")
A21: 4 | B21: =IF('1 - Stakeholder Questionnaire'!C12="Yes",1,IF('1 - Stakeholder Questionnaire'!C12="No",0,IF('1 - Stakeholder Questionnaire'!C12="Partial (Explain)",0.5,""))) | C21: =IF(B21<>"",1,"")
A22: 5 | B22: =IF('1 - Stakeholder Questionnaire'!C13="Yes",1,IF('1 - Stakeholder Questionnaire'!C13="No",0,IF('1 - Stakeholder Questionnaire'!C13="Partial (Explain)",0.5,""))) | C22: =IF(B22<>"",1,"")
A23: 6 | B23: =IF('1 - Stakeholder Questionnaire'!C14="Yes",1,IF('1 - Stakeholder Questionnaire'!C14="No",0,IF('1 - Stakeholder Questionnaire'!C14="Partial (Explain)",0.5,""))) | C23: =IF(B23<>"",1,"")
A24: 7 | B24: =IF('1 - Stakeholder Questionnaire'!C15="Yes",1,IF('1 - Stakeholder Questionnaire'!C15="No",0,IF('1 - Stakeholder Questionnaire'!C15="Partial (Explain)",0.5,""))) | C24: =IF(B24<>"",1,"")
A25: 8 | B25: =IF('1 - Stakeholder Questionnaire'!C16="Yes",1,IF('1 - Stakeholder Questionnaire'!C16="No",0,IF('1 - Stakeholder Questionnaire'!C16="Partial (Explain)",0.5,""))) | C25: =IF(B25<>"",1,"")
A26: 9 | B26: =IF('1 - Stakeholder Questionnaire'!C17="Yes",1,IF('1 - Stakeholder Questionnaire'!C17="No",0,IF('1 - Stakeholder Questionnaire'!C17="Partial (Explain)",0.5,""))) | C26: =IF(B26<>"",1,"") | G26: Risk Score (Total Scored Percentage)
A27: 10 | B27: =IF('1 - Stakeholder Questionnaire'!C18="Yes",1,IF('1 - Stakeholder Questionnaire'!C18="No",0,IF('1 - Stakeholder Questionnaire'!C18="Partial (Explain)",0.5,""))) | C27: =IF(B27<>"",1,"") | M27: Low Risk
A28: Total | B28: =SUM(B18:B27) -> 2 | C28: =SUM(C18:C27) -> 2 | G28: =AVERAGE(D18,D32,D37,D53,D66) -> 0.75 | M28: Moderate Risk
M29: Medium Risk
B30: Vendor Responses | M30: High Risk
A31: 1 | B31: General (Discovery) | M31: Critical Risk
A32: 1.1 | B32: =IF('2 - Vendor Questionnaire'!C10="Yes",1,IF('2 - Vendor Questionnaire'!C10="No",0,IF('2 - Vendor Questionnaire'!C10="Partial (Explain)",0.5,""))) -> 1 | C32: =IF(B32<>"",1,"") -> 1 | D32: =(B35/C35) -> 0.5
A33: 1.2 | B33: =IF('2 - Vendor Questionnaire'!C11="Yes",1,IF('2 - Vendor Questionnaire'!C11="No",0,IF('2 - Vendor Questionnaire'!C11="Partial (Explain)",0.5,""))) -> 0 | C33: =IF(B33<>"",1,"") -> 1
A34: 1.3 | B34: =IF('2 - Vendor Questionnaire'!C12="Yes",1,IF('2 - Vendor Questionnaire'!C12="No",0,IF('2 - Vendor Questionnaire'!C12="Partial (Explain)",0.5,""))) | C34: =IF(B34<>"",1,"")
A35: Total | B35: =SUM(B32:B34) -> 1 | C35: =SUM(C32:C34) -> 2
A36: 2 | B36: Data Privacy, Retention and Deletion
A37: 2.1 | B37: =IF('2 - Vendor Questionnaire'!C14="Yes",1,IF('2 - Vendor Questionnaire'!C14="No",0,IF('2 - Vendor Questionnaire'!C14="Partial (Explain)",0.5,""))) -> 1 | C37: =IF(B37<>"",1,"") -> 1 | D37: =B51/C51 -> 0.75
A38: 2.2 | B38: =IF('2 - Vendor Questionnaire'!C15="Yes",1,IF('2 - Vendor Questionnaire'!C15="No",0,IF('2 - Vendor Questionnaire'!C15="Partial (Explain)",0.5,""))) -> 0.5 | C38: =IF(B38<>"",1,"") -> 1 | G38: Overall Risk Summary
A39: 2.3 | B39: =IF('2 - Vendor Questionnaire'!C16="Yes",1,IF('2 - Vendor Questionnaire'!C16="No",0,IF('2 - Vendor Questionnaire'!C16="Partial (Explain)",0.5,""))) | C39: =IF(B39<>"",1,"") | G39: Metric | I39: Result
A40: 2.4 | B40: =IF('2 - Vendor Questionnaire'!C17="Yes",1,IF('2 - Vendor Questionnaire'!C17="No",0,IF('2 - Vendor Questionnaire'!C17="Partial (Explain)",0.5,""))) | C40: =IF(B40<>"",1,"") | G40: Overall Risk Score (weighted) | I40: =SUM('Reference Score'!D2:D10) -> 0.775
A41: 2.5 | B41: =IF('2 - Vendor Questionnaire'!C18="Yes",1,IF('2 - Vendor Questionnaire'!C18="No",0,IF('2 - Vendor Questionnaire'!C18="Partial (Explain)",0.5,""))) | C41: =IF(B41<>"",1,"") | G41: Risk Rating (weighted) | I41: ='Reference Score'!B19 -> Medium Risk
A42: 2.6 | B42: =IF('2 - Vendor Questionnaire'!C19="Yes",1,IF('2 - Vendor Questionnaire'!C19="No",0,IF('2 - Vendor Questionnaire'!C19="Partial (Explain)",0.5,""))) | C42: =IF(B42<>"",1,"") | G42: Decision | I42: =IF(I41="Low Risk","Approved", IF(I41="Moderate Risk","Approved with Minor Conditions", IF(I41="Medium Risk","Risk Review Required", IF(I41="High Risk","Remediation Required", "Rejected")))) -> Risk Review Required
A43: 2.7 | B43: =IF('2 - Vendor Questionnaire'!C20="Yes",1,IF('2 - Vendor Questionnaire'!C20="No",0,IF('2 - Vendor Questionnaire'!C20="Partial (Explain)",0.5,""))) | C43: =IF(B43<>"",1,"") | G43: Assessor Comments | I43: =IF(I41="Low Risk","Vendor demonstrates strong security, privacy and compliance controls.", IF(I41="Moderate Risk","Minor gaps identified. Remediation should be tracked during onboarding.", IF(I41="Medium Risk","Several control deficiencies identified. Risk review recommended before approval.", IF(I41="High Risk","Significant security and compliance gaps identified. Remediation required prior to approval.", "Critical deficiencies identified. Vendor should not be approved until major issues are resolved.")))) -> Several control deficiencies identified. Risk review recommended before approval.
A44: 2.8 | B44: =IF('2 - Vendor Questionnaire'!C21="Yes",1,IF('2 - Vendor Questionnaire'!C21="No",0,IF('2 - Vendor Questionnaire'!C21="Partial (Explain)",0.5,""))) | C44: =IF(B44<>"",1,"")
A45: 2.9 | B45: =IF('2 - Vendor Questionnaire'!C22="Yes",1,IF('2 - Vendor Questionnaire'!C22="No",0,IF('2 - Vendor Questionnaire'!C22="Partial (Explain)",0.5,""))) | C45: =IF(B45<>"",1,"")
A46: 2.10 | B46: =IF('2 - Vendor Questionnaire'!C23="Yes",1,IF('2 - Vendor Questionnaire'!C23="No",0,IF('2 - Vendor Questionnaire'!C23="Partial (Explain)",0.5,""))) | C46: =IF(B46<>"",1,"")
A47: 2.11 | B47: =IF('2 - Vendor Questionnaire'!C24="Yes",1,IF('2 - Vendor Questionnaire'!C24="No",0,IF('2 - Vendor Questionnaire'!C24="Partial (Explain)",0.5,""))) | C47: =IF(B47<>"",1,"")
A48: 2.12 | B48: =IF('2 - Vendor Questionnaire'!C25="Yes",1,IF('2 - Vendor Questionnaire'!C25="No",0,IF('2 - Vendor Questionnaire'!C25="Partial (Explain)",0.5,""))) | C48: =IF(B48<>"",1,"")
A49: 2.13 | B49: =IF('2 - Vendor Questionnaire'!C26="Yes",1,IF('2 - Vendor Questionnaire'!C26="No",0,IF('2 - Vendor Questionnaire'!C26="Partial (Explain)",0.5,""))) | C49: =IF(B49<>"",1,"")
A50: 2.14 | B50: =IF('2 - Vendor Questionnaire'!C27="Yes",1,IF('2 - Vendor Questionnaire'!C27="No",0,IF('2 - Vendor Questionnaire'!C27="Partial (Explain)",0.5,""))) | C50: =IF(B50<>"",1,"")
A51: Total | B51: =SUM(B37:B50) -> 1.5 | C51: =SUM(C37:C50) -> 2
A52: 3 | B52: Model Training, Validation, and Maintenance
A53: 3.1 | B53: =IF('2 - Vendor Questionnaire'!C28="Yes",1,IF('2 - Vendor Questionnaire'!C28="No",0,IF('2 - Vendor Questionnaire'!C28="Partial (Explain)",0.5,""))) -> 1 | C53: =IF(B53<>"",1,"") -> 1 | D53: =B64/C64 -> 1
A54: 3.2 | B54: =IF('2 - Vendor Questionnaire'!C29="Yes",1,IF('2 - Vendor Questionnaire'!C29="No",0,IF('2 - Vendor Questionnaire'!C29="Partial (Explain)",0.5,""))) -> 1 | C54: =IF(B54<>"",1,"") -> 1
A55: 3.3 | B55: =IF('2 - Vendor Questionnaire'!C30="Yes",1,IF('2 - Vendor Questionnaire'!C30="No",0,IF('2 - Vendor Questionnaire'!C30="Partial (Explain)",0.5,""))) | C55: =IF(B55<>"",1,"")
A56: 3.4 | B56: =IF('2 - Vendor Questionnaire'!C31="Yes",1,IF('2 - Vendor Questionnaire'!C31="No",0,IF('2 - Vendor Questionnaire'!C31="Partial (Explain)",0.5,""))) | C56: =IF(B56<>"",1,"")
A57: 3.5 | B57: =IF('2 - Vendor Questionnaire'!C32="Yes",1,IF('2 - Vendor Questionnaire'!C32="No",0,IF('2 - Vendor Questionnaire'!C32="Partial (Explain)",0.5,""))) | C57: =IF(B57<>"",1,"")
A58: 3.6 | B58: =IF('2 - Vendor Questionnaire'!C33="Yes",1,IF('2 - Vendor Questionnaire'!C33="No",0,IF('2 - Vendor Questionnaire'!C33="Partial (Explain)",0.5,""))) | C58: =IF(B58<>"",1,"")
A59: 3.7 | B59: =IF('2 - Vendor Questionnaire'!C34="Yes",1,IF('2 - Vendor Questionnaire'!C34="No",0,IF('2 - Vendor Questionnaire'!C34="Partial (Explain)",0.5,""))) | C59: =IF(B59<>"",1,"")
A60: 3.8 | B60: =IF('2 - Vendor Questionnaire'!C35="Yes",1,IF('2 - Vendor Questionnaire'!C35="No",0,IF('2 - Vendor Questionnaire'!C35="Partial (Explain)",0.5,""))) | C60: =IF(B60<>"",1,"")
A61: 3.9 | B61: =IF('2 - Vendor Questionnaire'!C36="Yes",1,IF('2 - Vendor Questionnaire'!C36="No",0,IF('2 - Vendor Questionnaire'!C36="Partial (Explain)",0.5,""))) | C61: =IF(B61<>"",1,"")
A62: 3.10 | B62: =IF('2 - Vendor Questionnaire'!C38="Yes",1,IF('2 - Vendor Questionnaire'!C38="No",0,IF('2 - Vendor Questionnaire'!C38="Partial (Explain)",0.5,""))) | C62: =IF(B62<>"",1,"")
A63: 3.11 | B63: =IF('2 - Vendor Questionnaire'!C39="Yes",1,IF('2 - Vendor Questionnaire'!C39="No",0,IF('2 - Vendor Questionnaire'!C39="Partial (Explain)",0.5,""))) | C63: =IF(B63<>"",1,"")
A64: Total | B64: =SUM(B53:B63) -> 2 | C64: =SUM(C53:C63) -> 2
A65: 4 | B65: AI & Information Security
A66: 4.1 | B66: =IF('2 - Vendor Questionnaire'!C41="Yes",1,IF('2 - Vendor Questionnaire'!C41="No",0,IF('2 - Vendor Questionnaire'!C41="Partial (Explain)",0.5,""))) -> 1 | C66: =IF(B66<>"",1,"") -> 1 | D66: =B84/C84 -> 0.5
A67: 4.2 | B67: =IF('2 - Vendor Questionnaire'!C42="Yes",1,IF('2 - Vendor Questionnaire'!C42="No",0,IF('2 - Vendor Questionnaire'!C42="Partial (Explain)",0.5,""))) -> 0 | C67: =IF(B67<>"",1,"") -> 1
A68: 4.3 | B68: =IF('2 - Vendor Questionnaire'!C43="Yes",1,IF('2 - Vendor Questionnaire'!C43="No",0,IF('2 - Vendor Questionnaire'!C43="Partial (Explain)",0.5,""))) | C68: =IF(B68<>"",1,"")
A69: 4.4 | B69: =IF('2 - Vendor Questionnaire'!C44="Yes",1,IF('2 - Vendor Questionnaire'!C44="No",0,IF('2 - Vendor Questionnaire'!C44="Partial (Explain)",0.5,""))) | C69: =IF(B69<>"",1,"")
A70: 4.5 | B70: =IF('2 - Vendor Questionnaire'!C45="Yes",1,IF('2 - Vendor Questionnaire'!C45="No",0,IF('2 - Vendor Questionnaire'!C45="Partial (Explain)",0.5,""))) | C70: =IF(B70<>"",1,"")
A71: 4.6 | B71: =IF('2 - Vendor Questionnaire'!C46="Yes",1,IF('2 - Vendor Questionnaire'!C46="No",0,IF('2 - Vendor Questionnaire'!C46="Partial (Explain)",0.5,""))) | C71: =IF(B71<>"",1,"")
A72: 4.7 | B72: =IF('2 - Vendor Questionnaire'!C47="Yes",1,IF('2 - Vendor Questionnaire'!C47="No",0,IF('2 - Vendor Questionnaire'!C47="Partial (Explain)",0.5,""))) | C72: =IF(B72<>"",1,"")
A73: 4.8 | B73: =IF('2 - Vendor Questionnaire'!C48="Yes",1,IF('2 - Vendor Questionnaire'!C48="No",0,IF('2 - Vendor Questionnaire'!C48="Partial (Explain)",0.5,""))) | C73: =IF(B73<>"",1,"")
A74: 4.9 | B74: =IF('2 - Vendor Questionnaire'!C49="Yes",1,IF('2 - Vendor Questionnaire'!C49="No",0,IF('2 - Vendor Questionnaire'!C49="Partial (Explain)",0.5,""))) | C74: =IF(B74<>"",1,"")
A75: 4.10 | B75: =IF('2 - Vendor Questionnaire'!C50="Yes",1,IF('2 - Vendor Questionnaire'!C50="No",0,IF('2 - Vendor Questionnaire'!C50="Partial (Explain)",0.5,""))) | C75: =IF(B75<>"",1,"")
A76: 4.11 | B76: =IF('2 - Vendor Questionnaire'!C51="Yes",1,IF('2 - Vendor Questionnaire'!C51="No",0,IF('2 - Vendor Questionnaire'!C51="Partial (Explain)",0.5,""))) | C76: =IF(B76<>"",1,"")
A77: 4.12 | B77: =IF('2 - Vendor Questionnaire'!C52="Yes",1,IF('2 - Vendor Questionnaire'!C52="No",0,IF('2 - Vendor Questionnaire'!C52="Partial (Explain)",0.5,""))) | C77: =IF(B77<>"",1,"")
A78: 4.13 | B78: =IF('2 - Vendor Questionnaire'!C53="Yes",1,IF('2 - Vendor Questionnaire'!C53="No",0,IF('2 - Vendor Questionnaire'!C53="Partial (Explain)",0.5,""))) | C78: =IF(B78<>"",1,"")
A79: 4.14 | B79: =IF('2 - Vendor Questionnaire'!C54="Yes",1,IF('2 - Vendor Questionnaire'!C54="No",0,IF('2 - Vendor Questionnaire'!C54="Partial (Explain)",0.5,""))) | C79: =IF(B79<>"",1,"")
A80: 4.15 | B80: =IF('2 - Vendor Questionnaire'!C55="Yes",1,IF('2 - Vendor Questionnaire'!C55="No",0,IF('2 - Vendor Questionnaire'!C55="Partial (Explain)",0.5,""))) | C80: =IF(B80<>"",1,"")
A81: 4.16 | B81: =IF('2 - Vendor Questionnaire'!C56="Yes",1,IF('2 - Vendor Questionnaire'!C56="No",0,IF('2 - Vendor Questionnaire'!C56="Partial (Explain)",0.5,""))) | C81: =IF(B81<>"",1,"")
A82: 4.17 | B82: =IF('2 - Vendor Questionnaire'!C57="Yes",1,IF('2 - Vendor Questionnaire'!C57="No",0,IF('2 - Vendor Questionnaire'!C57="Partial (Explain)",0.5,""))) | C82: =IF(B82<>"",1,"")
A83: 4.18 | B83: =IF('2 - Vendor Questionnaire'!C58="Yes",1,IF('2 - Vendor Questionnaire'!C58="No",0,IF('2 - Vendor Questionnaire'!C58="Partial (Explain)",0.5,""))) | C83: =IF(B83<>"",1,"")
A84: Total | B84: =SUM(B66:B83) -> 1 | C84: =SUM(C66:C83) -> 2
A85: 5 | B85: Technology Integration
A86: 5.1 | B86: =IF('2 - Vendor Questionnaire'!C65="Yes",1,IF('2 - Vendor Questionnaire'!C65="No",0,IF('2 - Vendor Questionnaire'!C65="Partial (Explain)",0.5,""))) -> 1 | C86: =IF(B86<>"",1,"") -> 1 | D86: =B90/C90 -> 1
A87: 5.2 | B87: =IF('2 - Vendor Questionnaire'!C66="Yes",1,IF('2 - Vendor Questionnaire'!C66="No",0,IF('2 - Vendor Questionnaire'!C66="Partial (Explain)",0.5,""))) -> 1 | C87: =IF(B87<>"",1,"") -> 1
A88: 5.3 | B88: =IF('2 - Vendor Questionnaire'!C67="Yes",1,IF('2 - Vendor Questionnaire'!C67="No",0,IF('2 - Vendor Questionnaire'!C67="Partial (Explain)",0.5,""))) | C88: =IF(B88<>"",1,"")
A89: 5.4 | B89: =IF('2 - Vendor Questionnaire'!C68="Yes",1,IF('2 - Vendor Questionnaire'!C68="No",0,IF('2 - Vendor Questionnaire'!C68="Partial (Explain)",0.5,""))) | C89: =IF(B89<>"",1,"")
A90: Total | B90: =SUM(B86:B89) -> 2 | C90: =SUM(C86:C89) -> 2
A91: 6 | B91: Third-Party Risk/Usage
A92: 6.1 | B92: =IF('2 - Vendor Questionnaire'!C69="Yes",1,IF('2 - Vendor Questionnaire'!C69="No",0,IF('2 - Vendor Questionnaire'!C69="Partial (Explain)",0.5,""))) -> 1 | C92: =IF(B92<>"",1,"") -> 1 | D92: =B95/C95 -> 0.75
A93: 6.2 | B93: =IF('2 - Vendor Questionnaire'!C70="Yes",1,IF('2 - Vendor Questionnaire'!C70="No",0,IF('2 - Vendor Questionnaire'!C70="Partial (Explain)",0.5,""))) -> 0.5 | C93: =IF(B93<>"",1,"") -> 1
A94: 6.3 | B94: =IF('2 - Vendor Questionnaire'!C71="Yes",1,IF('2 - Vendor Questionnaire'!C71="No",0,IF('2 - Vendor Questionnaire'!C71="Partial (Explain)",0.5,""))) | C94: =IF(B94<>"",1,"")
A95: Total | B95: =SUM(B92:B94) -> 1.5 | C95: =SUM(C92:C94) -> 2
A96: 7 | B96: Legal, Regulatory, and Compliance
A97: 7.1 | B97: =IF('2 - Vendor Questionnaire'!C73="Yes",1,IF('2 - Vendor Questionnaire'!C73="No",0,IF('2 - Vendor Questionnaire'!C73="Partial (Explain)",0.5,""))) -> 1 | C97: =IF(B97<>"",1,"") -> 1 | D97: =(B104/C104) -> 1
A98: 7.2 | B98: =IF('2 - Vendor Questionnaire'!C74="Yes",1,IF('2 - Vendor Questionnaire'!C74="No",0,IF('2 - Vendor Questionnaire'!C74="Partial (Explain)",0.5,""))) -> 1 | C98: =IF(B98<>"",1,"") -> 1
A99: 7.3 | B99: =IF('2 - Vendor Questionnaire'!C75="Yes",1,IF('2 - Vendor Questionnaire'!C75="No",0,IF('2 - Vendor Questionnaire'!C75="Partial (Explain)",0.5,""))) | C99: =IF(B99<>"",1,"")
A100: 7.4 | B100: =IF('2 - Vendor Questionnaire'!C76="Yes",1,IF('2 - Vendor Questionnaire'!C76="No",0,IF('2 - Vendor Questionnaire'!C76="Partial (Explain)",0.5,""))) | C100: =IF(B100<>"",1,"")
A101: 7.5 | B101: =IF('2 - Vendor Questionnaire'!C77="Yes",1,IF('2 - Vendor Questionnaire'!C77="No",0,IF('2 - Vendor Questionnaire'!C77="Partial (Explain)",0.5,""))) | C101: =IF(B101<>"",1,"")
A102: 7.6 | B102: =IF('2 - Vendor Questionnaire'!C78="Yes",1,IF('2 - Vendor Questionnaire'!C78="No",0,IF('2 - Vendor Questionnaire'!C78="Partial (Explain)",0.5,""))) | C102: =IF(B102<>"",1,"")
A103: 7.8 | B103: =IF('2 - Vendor Questionnaire'!C79="Yes",1,IF('2 - Vendor Questionnaire'!C79="No",0,IF('2 - Vendor Questionnaire'!C79="Partial (Explain)",0.5,""))) | C103: =IF(B103<>"",1,"")
A104: Total | B104: =SUM(B97:B103) -> 2 | C104: =SUM(C97:C103) -> 2
A105: 8 | B105: Access Management
...

Sheet Reference Score
A1: Category | B1: Percentage | C1: Weight | D1: Weighted Score
A2: Stakeholder | B2: ='Risk Score'!D18 -> 1 | C2: 0.1 | D2: =B2*10% -> 0.1
A3: Genral | B3: ='Risk Score'!D32 -> 0.5 | C3: 0.05 | D3: =B3*5% -> 0.025
A4: Data Privacy | B4: ='Risk Score'!D37 -> 0.75 | C4: 0.2 | D4: =B4*20% -> 0.15
A5: Model Governance | B5: ='Risk Score'!D53 -> 1 | C5: 0.15 | D5: =B5*15% -> 0.15
A6: Information Security | B6: ='Risk Score'!D66 -> 0.5 | C6: 0.25 | D6: =B6*25% -> 0.125
A7: Technology Integration | B7: ='Risk Score'!D86 -> 1 | C7: 0.05 | D7: =B7*5% -> 0.05
A8: Third Party Risk | B8: ='Risk Score'!D92 -> 0.75 | C8: 0.1 | D8: =B8*10% -> 0.075
A9: Legal, Regulatory, and Compliance | B9: ='Risk Score'!D97 -> 1 | C9: 0.05 | D9: =B9*5% -> 0.05
A10: Access Management | B10: ='Risk Score'!D106 -> 1 | C10: 0.05 | D10: =B10*5% -> 0.05
A11: Overall risk score | B11: =SUM(D2:D10) -> 0.775
A13: Overall Score | B13: Risk Rating | C13: Decision
A14: 90% - 100% | B14: Low Risk | C14: Approved
A15: 80% - 89% | B15: Moderate Risk | C15: Approved with Minor Conditions
A16: 70% - 79% | B16: Medium Risk | C16: Risk Review Required
A17: 50% - 69% | B17: High Risk | C17: Remediation Required
A18: Below 50% | B18: Critical Risk | C18: Reject Vendor
A19: Risk Rating | B19: =IF(B11>=90%,"Low Risk", IF(B11>=80%,"Moderate Risk", IF(B11>=70%,"Medium Risk", IF(B11>=50%,"High Risk", "Critical Risk")))) -> Medium Risk

Sheet Assessment Controls
A1: Control ID | B1: Domain | C1: Control Statement | D1: Evidence Required | E1: Test Procedure | F1: Score (0-4) | G1: Notes
A2: CTRL-AI-001 | B2: Governance | C2: Use cases must be approved and risk classified | D2: Use case inventory, approval record | E2: Verify approvals
A3: CTRL-AI-010 | B3: Data Protection | C3: No training on client data without authorization | D3: Contract, architecture docs | E3: Inspect contract
A4: CTRL-AI-020 | B4: Model Risk | C4: Model transparency must be provided | D4: Model documentation | E4: Review docs
A5: CTRL-AI-030 | B5: Security | C5: Security testing required | D5: Pen test reports | E5: Validate reports
A6: CTRL-AI-040 | B6: Third Party | C6: Subprocessor disclosure required | D6: Vendor list | E6: Verify disclosure
A7: CTRL-AI-050 | B7: Legal | C7: Data ownership defined | D7: Contract terms | E7: Review contract
A8: CTRL-AI-060 | B8: Integration | C8: Secure API integration required | D8: API docs | E8: Inspect controls
A9: CTRL-AI-070 | B9: Monitoring | C9: Logging and monitoring enabled | D9: Logs, SIEM exports | E9: Review logs

Sheet Scoring Model
A1: Score | B1: Definition
A2: 0 | B2: Not implemented
A3: 1 | B3: Partially implemented
A4: 2 | B4: Implemented (no evidence)
A5: 3 | B5: Implemented with evidence
A6: 4 | B6: Validated

Sheet Decision Thresholds
A1: Score Range | B1: Decision | C1: Action
A2: >=85% | B2: Approve | C2: Standard monitoring
A3: 70-84% | B3: Conditional | C3: Remediation required
A4: 50-69% | B4: High Risk | C4: Senior approval
A5: <50% | B5: Reject | C5: Do not onboard

Sheet Scorecard
A1: Metric | B1: Value
A2: Total Controls | B2: -1
A3: Average Score | B3: #DIV/0!
A4: Weighted Score % | B4: #DIV/0!
A5: Risk Tier | B5: Enter Low/Moderate/High
A6: Final Score | B6: =B4 -> #DIV/0!
A7: Decision | B7: =IF(B6>=85,"APPROVE",IF(B6>=70,"CONDITIONAL",IF(B6>=50,"HIGH RISK","REJECT"))) -> #DIV/0!
A9: Business Owner Sign-Off
A10: Name:
A11: Title:
A12: Decision: | B12: Approve / Conditional / Reject
A13: Risk Acceptance Required (Y/N):
A14: Signature:
A15: Date:
